s_name,s_address,descrip
Horse,0209 Park Meadow Crossing,Integer ac leo.
Host,3779 Kennedy Plaza,"Mauris enim leo, rhoncus sed, vestibulum sit amet, cursus id, turpis. Integer aliquet, massa id lobortis convallis, tortor risus dapibus augue, vel accumsan tellus nisi eu orci."
Hotel,757 Shelley Avenue,Aenean auctor gravida sem. Praesent id massa id nisl venenatis lacinia.
Hour,3877 Ludington Trail,Proin interdum mauris non ligula pellentesque ultrices.
House,98694 Heffernan Court,Duis mattis egestas metus. Aenean fermentum.
Hover,2676 Maple Wood Way,Vivamus in felis eu sapien cursus vestibulum.
Hub,10 Pond Lane,Curabitur in libero ut massa volutpat convallis.
Huge,6594 Garrison Junction,Sed ante.
Hull,9732 American Ash Drive,"Cum sociis natoque penatibus et magnis dis parturient montes, nascetur ridiculus mus. Vivamus vestibulum sagittis sapien."
Human,50442 Bonner Parkway,Suspendisse potenti.
Hybrid,836 Spaight Parkway,Aliquam non mauris.
Icon,373 Gina Trail,Sed accumsan felis.
Idea,09150 Moland Avenue,Integer ac leo.
Ideal,043 Wayridge Alley,Aliquam sit amet diam in magna bibendum imperdiet.
Idle,3 Walton Center,"Vivamus metus arcu, adipiscing molestie, hendrerit at, vulputate vitae, nisl."
Idol,4766 Schiller Street,In hac habitasse platea dictumst.
Image,94 Merrick Alley,Morbi non quam nec dui luctus rutrum. Nulla tellus.
Impact,344 Becker Park,"Fusce congue, diam id ornare imperdiet, sapien urna pretium nisl, ut volutpat sapien arcu sed augue. Aliquam erat volutpat."
Index,42 Heath Hill,Nulla ut erat id mauris vulputate elementum.
Indigo,31 Gateway Junction,Fusce consequat.
Info,5072 Carey Place,"Mauris ullamcorper purus sit amet nulla. Quisque arcu libero, rutrum ac, lobortis vel, dapibus at, diam."
Inlet,25 Sloan Place,"Quisque erat eros, viverra eget, congue eget, semper rutrum, nulla. Nunc purus."
Inner,64964 Forest Run Road,"Quisque erat eros, viverra eget, congue eget, semper rutrum, nulla. Nunc purus."
Input,83318 Anniversary Circle,Suspendisse accumsan tortor quis turpis. Sed ante.
Iron,99449 Melody Center,Curabitur in libero ut massa volutpat convallis.
Island,59 Charing Cross Crossing,Vivamus vel nulla eget eros elementum pellentesque. Quisque porta volutpat erat.
Issue,35 Superior Court,"Vivamus vestibulum sagittis sapien. Cum sociis natoque penatibus et magnis dis parturient montes, nascetur ridiculus mus."
Item,47 Jenna Drive,Nullam varius.
Ivory,423 Stone Corner Alley,Integer a nibh. In quis justo.
Jade,3 Swallow Alley,Duis consequat dui nec nisi volutpat eleifend. Donec ut dolor.
Jasper,62992 Kim Drive,Vivamus in felis eu sapien cursus vestibulum. Proin eu mi.
Jazz,1485 Golf Course Drive,Nulla justo. Aliquam quis turpis eget elit sodales scelerisque.
Jewel,5145 Pankratz Circle,"Donec ut mauris eget massa tempor convallis. Nulla neque libero, convallis eget, eleifend luctus, ultricies eu, nibh."
Join,75 Mosinee Place,Vestibulum ante ipsum primis in faucibus orci luctus et ultrices posuere cubilia Curae; Mauris viverra diam vitae quam. Suspendisse potenti.
Joint,36 Mosinee Terrace,Aenean sit amet justo. Morbi ut odio.
Jolt,97 American Park,Integer tincidunt ante vel ipsum. Praesent blandit lacinia erat.
Journal,2 Ohio Lane,"Fusce congue, diam id ornare imperdiet, sapien urna pretium nisl, ut volutpat sapien arcu sed augue. Aliquam erat volutpat."
Joy,5035 Birchwood Place,"Cum sociis natoque penatibus et magnis dis parturient montes, nascetur ridiculus mus. Etiam vel augue."
Judge,31 Kedzie Center,Nunc rhoncus dui vel sem. Sed sagittis.
Juice,3 Chinook Place,"Lorem ipsum dolor sit amet, consectetuer adipiscing elit."
Jump,18287 Mallard Lane,"Nam congue, risus semper porta volutpat, quam pede lobortis ligula, sit amet eleifend pede libero quis orci."
June,6 Kensington Street,Maecenas ut massa quis augue luctus tincidunt.
Jungle,29 Summerview Pass,Curabitur convallis.
Junior,13 Oakridge Road,Quisque id justo sit amet sapien dignissim vestibulum.
Juror,47012 Delladonna Plaza,Etiam pretium iaculis justo.
Jury,9569 Mesta Terrace,"Duis bibendum, felis sed interdum venenatis, turpis enim blandit mi, in porttitor pede justo eu massa. Donec dapibus."
Just,88 Chive Place,Donec vitae nisi.
Keel,06781 3rd Crossing,"Maecenas leo odio, condimentum id, luctus nec, molestie sed, justo."
KeenתAdmiral,11405 Bay Circle,"Morbi vestibulum, velit id pretium iaculis, diam erat fermentum justo, nec condimentum neque sapien placerat ante. Nulla justo."
Aero,548 Monument Park,Nullam porttitor lacus at turpis. Donec posuere metus vitae ipsum.
Akko,307 Scoville Point,Phasellus in felis.
Alon,7091 Grover Trail,Aliquam quis turpis eget elit sodales scelerisque. Mauris sit amet eros.
Alpha,56 Butternut Circle,"Duis ac nibh. Fusce lacus purus, aliquet at, feugiat non, pretium quis, lectus."
Alpine,8 Bartelt Park,Mauris ullamcorper purus sit amet nulla.
Amber,91 Laurel Way,Pellentesque viverra pede ac diam.
Anchor,976 Pine View Junction,Curabitur gravida nisi at nibh. In hac habitasse platea dictumst.
Annex,7 Blaine Court,"Donec ut mauris eget massa tempor convallis. Nulla neque libero, convallis eget, eleifend luctus, ultricies eu, nibh."
Apex,655 Summerview Plaza,Nunc nisl.
Arcadia,5028 Eagan Plaza,Sed ante.
Arch,7852 Corben Terrace,Pellentesque at nulla.
Arena,2 Amoth Lane,Nunc purus.
Arid,199 Jay Crossing,Maecenas pulvinar lobortis est.
Armada,9 Old Gate Center,Donec quis orci eget orci vehicula condimentum. Curabitur in libero ut massa volutpat convallis.
Armor,4396 Declaration Junction,Donec posuere metus vitae ipsum. Aliquam non mauris.
Arrow,84 Luster Center,"Cras in purus eu magna vulputate luctus. Cum sociis natoque penatibus et magnis dis parturient montes, nascetur ridiculus mus."
Aspect,784 Garrison Place,"Integer aliquet, massa id lobortis convallis, tortor risus dapibus augue, vel accumsan tellus nisi eu orci."
Aster,58 David Place,Sed sagittis.
Astral,563 Esker Hill,Vestibulum sed magna at nunc commodo placerat.
Atrium,294 Pond Pass,"Nullam orci pede, venenatis non, sodales sed, tincidunt eu, felis. Fusce posuere felis sed lacus."
Aura,73971 Elka Center,Vestibulum ante ipsum primis in faucibus orci luctus et ultrices posuere cubilia Curae; Duis faucibus accumsan odio.
Aurora,81 Stone Corner Junction,Etiam vel augue.
Avalon,032 Westport Hill,Maecenas ut massa quis augue luctus tincidunt. Nulla mollis molestie lorem.
Avenue,7 Old Gate Pass,Aliquam quis turpis eget elit sodales scelerisque.
Aviary,4 Everett Plaza,Donec dapibus.
Badge,1 4th Avenue,"Cras mi pede, malesuada in, imperdiet et, commodo vulputate, justo."
Banner,09625 Menomonie Road,Aliquam quis turpis eget elit sodales scelerisque. Mauris sit amet eros.
Bareket,3226 Meadow Vale Alley,Nullam varius.
Baron,0 Saint Paul Street,Nulla ut erat id mauris vulputate elementum.
Base,896 Derek Parkway,"Suspendisse ornare consequat lectus. In est risus, auctor sed, tristique in, tempus sit amet, sem."
Basin,436 Esch Road,"Vestibulum ante ipsum primis in faucibus orci luctus et ultrices posuere cubilia Curae; Donec pharetra, magna vestibulum aliquet ultrices, erat tortor sollicitudin mi, sit amet lobortis sapien sapien non mi."
Bay,8061 Parkside Junction,Curabitur gravida nisi at nibh.
Bayside,38581 Welch Point,Nullam sit amet turpis elementum ligula vehicula consequat.
Beacon,4 Mcbride Crossing,"Cum sociis natoque penatibus et magnis dis parturient montes, nascetur ridiculus mus. Vivamus vestibulum sagittis sapien."
Belfry,5 Mendota Way,Aenean sit amet justo.
Belgrave,755 Atwood Avenue,"Morbi sem mauris, laoreet ut, rhoncus aliquet, pulvinar sed, nisl."
Belo,8 Eastlawn Circle,Aenean sit amet justo.
Belt,56520 Pond Trail,Curabitur gravida nisi at nibh.
Berlin,9242 Mallard Center,Nunc purus.
Beta,50 Mockingbird Park,Integer ac neque. Duis bibendum.
Better,9946 Cherokee Avenue,Pellentesque ultrices mattis odio.
Beyond,558 Leroy Park,Vestibulum rutrum rutrum neque.
Bio,23 Vera Center,"Cum sociis natoque penatibus et magnis dis parturient montes, nascetur ridiculus mus."
Birch,8 1st Pass,"Morbi odio odio, elementum eu, interdum eu, tincidunt in, leo. Maecenas pulvinar lobortis est."
Bishop,7 Esker Parkway,"Morbi odio odio, elementum eu, interdum eu, tincidunt in, leo. Maecenas pulvinar lobortis est."
Blaze,3941 Scott Center,Maecenas ut massa quis augue luctus tincidunt.
Blimp,783 Transport Drive,Nulla nisl. Nunc nisl.
Block,7 Transport Junction,Aenean sit amet justo.
Blue,6 Schlimgen Road,In hac habitasse platea dictumst. Maecenas ut massa quis augue luctus tincidunt.
Bluff,6712 Stang Road,"Vestibulum ante ipsum primis in faucibus orci luctus et ultrices posuere cubilia Curae; Donec pharetra, magna vestibulum aliquet ultrices, erat tortor sollicitudin mi, sit amet lobortis sapien sapien non mi."
Bold,1762 Del Mar Way,"Vestibulum ac est lacinia nisi venenatis tristique. Fusce congue, diam id ornare imperdiet, sapien urna pretium nisl, ut volutpat sapien arcu sed augue."
Bolt,3 Myrtle Alley,"Donec odio justo, sollicitudin ut, suscipit a, feugiat et, eros. Vestibulum ac est lacinia nisi venenatis tristique."
Bond,28 Boyd Road,"Vestibulum ac est lacinia nisi venenatis tristique. Fusce congue, diam id ornare imperdiet, sapien urna pretium nisl, ut volutpat sapien arcu sed augue."
Bonus,456 Derek Trail,"Nulla neque libero, convallis eget, eleifend luctus, ultricies eu, nibh."
Boon,74631 Cordelia Junction,Sed ante.
Boost,69065 Canary Avenue,Nulla mollis molestie lorem. Quisque ut erat.
Border,146 Thierer Pass,"Quisque porta volutpat erat. Quisque erat eros, viverra eget, congue eget, semper rutrum, nulla."
Bottom,2 Marquette Crossing,Aenean lectus. Pellentesque eget nunc.
Bound,6 Kennedy Alley,Integer tincidunt ante vel ipsum.
Bounty,8 Prairieview Pass,Morbi quis tortor id nulla ultrices aliquet.
Brace,3 Golf View Street,Pellentesque eget nunc.
Branch,66 Golf Alley,"Donec odio justo, sollicitudin ut, suscipit a, feugiat et, eros. Vestibulum ac est lacinia nisi venenatis tristique."
Brave,273 Myrtle Terrace,"Suspendisse ornare consequat lectus. In est risus, auctor sed, tristique in, tempus sit amet, sem."
Bravo,1 Schmedeman Pass,Curabitur in libero ut massa volutpat convallis.
Breeze,36177 Eliot Terrace,Nulla ut erat id mauris vulputate elementum.
Briar,0 Grim Drive,Etiam justo. Etiam pretium iaculis justo.
Brick,686 Hoffman Avenue,"Quisque erat eros, viverra eget, congue eget, semper rutrum, nulla."
Bridge,093 Red Cloud Junction,Etiam faucibus cursus urna. Ut tellus.
Bright,71 Fordem Way,Morbi non quam nec dui luctus rutrum. Nulla tellus.
Broad,822 Rockefeller Pass,Aliquam non mauris. Morbi non lectus.
Broadview,44775 Farmco Avenue,Curabitur at ipsum ac tellus semper interdum.
Bronze,0470 Anhalt Point,Etiam pretium iaculis justo.
Brook,8 Jenifer Street,Proin risus.
Burst,198 Victoria Junction,Nulla ut erat id mauris vulputate elementum. Nullam varius.
Cabin,8381 2nd Way,In hac habitasse platea dictumst.
Cable,45236 Weeping Birch Point,Praesent blandit lacinia erat.
Cadet,3 Cottonwood Way,Nullam porttitor lacus at turpis. Donec posuere metus vitae ipsum.
Cairo,698 Dexter Pass,Etiam vel augue.
Calm,6057 Kipling Hill,Etiam vel augue. Vestibulum rutrum rutrum neque.
Cameo,6258 Londonderry Trail,Nunc rhoncus dui vel sem. Sed sagittis.
Camp,38 Ridge Oak Plaza,"Integer aliquet, massa id lobortis convallis, tortor risus dapibus augue, vel accumsan tellus nisi eu orci. Mauris lacinia sapien quis libero."
Canal,374 Goodland Pass,Duis at velit eu est congue elementum.
Canopy,05759 Maple Wood Trail,Curabitur at ipsum ac tellus semper interdum.
Canvas,7 Norway Maple Avenue,Praesent blandit lacinia erat.
Canyon,34144 Lillian Alley,Proin risus. Praesent lectus.
Capital,1 Cardinal Place,Curabitur gravida nisi at nibh.
Captain,11488 Coolidge Parkway,Duis at velit eu est congue elementum.
Cargo,1 Kipling Parkway,Integer ac leo.
Carmel,6 John Wall Alley,"Morbi odio odio, elementum eu, interdum eu, tincidunt in, leo."
Case,3947 Daystar Center,"Quisque erat eros, viverra eget, congue eget, semper rutrum, nulla. Nunc purus."
Castle,97 Maywood Place,"Aliquam sit amet diam in magna bibendum imperdiet. Nullam orci pede, venenatis non, sodales sed, tincidunt eu, felis."
Cause,733 Aberg Lane,"Donec diam neque, vestibulum eget, vulputate ut, ultrices vel, augue."
Cave,08926 Mariners Cove Hill,Morbi porttitor lorem id ligula.
Cedar,6 Mitchell Plaza,Duis mattis egestas metus.
Cell,70 Knutson Park,Aenean auctor gravida sem. Praesent id massa id nisl venenatis lacinia.
Central,095 Cordelia Terrace,"Nunc nisl. Duis bibendum, felis sed interdum venenatis, turpis enim blandit mi, in porttitor pede justo eu massa."
Chain,974 Graedel Trail,In hac habitasse platea dictumst.
Chalk,9 Kim Road,"Cum sociis natoque penatibus et magnis dis parturient montes, nascetur ridiculus mus."
Chapel,8 Erie Trail,In hac habitasse platea dictumst. Maecenas ut massa quis augue luctus tincidunt.
Charm,65283 Beilfuss Trail,"Mauris enim leo, rhoncus sed, vestibulum sit amet, cursus id, turpis."
Chart,190 Forest Street,Morbi porttitor lorem id ligula.
Chasm,055 Dennis Center,Duis consequat dui nec nisi volutpat eleifend.
Chi,1516 Chive Avenue,Vestibulum ante ipsum primis in faucibus orci luctus et ultrices posuere cubilia Curae; Mauris viverra diam vitae quam. Suspendisse potenti.
Chief,1947 Forest Hill,"Aliquam augue quam, sollicitudin vitae, consectetuer eget, rutrum at, lorem. Integer tincidunt ante vel ipsum."
Choice,4 Becker Road,Vivamus vestibulum sagittis sapien.
Chord,5 Di Loreto Alley,"Donec ut mauris eget massa tempor convallis. Nulla neque libero, convallis eget, eleifend luctus, ultricies eu, nibh."
Chrome,600 Stephen Junction,Vivamus vestibulum sagittis sapien.
Church,84 Magdeline Lane,Proin at turpis a pede posuere nonummy. Integer non velit.
Cipher,7434 Toban Court,In congue. Etiam justo.
Circle,4255 Butterfield Trail,Vivamus vel nulla eget eros elementum pellentesque.
Clan,072 Blackbird Terrace,Sed sagittis.
Clarity,701 Boyd Trail,Pellentesque at nulla. Suspendisse potenti.
Classic,0 Warrior Avenue,Etiam justo. Etiam pretium iaculis justo.
Clear,68979 Badeau Road,Maecenas rhoncus aliquam lacus. Morbi quis tortor id nulla ultrices aliquet.
Clermont,26 Summit Trail,Nulla ut erat id mauris vulputate elementum. Nullam varius.
Cliff,9 Kingsford Plaza,Praesent blandit.
Climb,01 Fairview Hill,Aenean auctor gravida sem. Praesent id massa id nisl venenatis lacinia.
Cloak,021 Menomonie Way,"Nunc nisl. Duis bibendum, felis sed interdum venenatis, turpis enim blandit mi, in porttitor pede justo eu massa."
Clover,5622 Oak Valley Court,Phasellus in felis. Donec semper sapien a libero.
Coast,14239 Ohio Terrace,"Donec odio justo, sollicitudin ut, suscipit a, feugiat et, eros. Vestibulum ac est lacinia nisi venenatis tristique."
Cobalt,3242 Nevada Park,Duis aliquam convallis nunc. Proin at turpis a pede posuere nonummy.
Coin,70140 Northview Point,"Morbi vestibulum, velit id pretium iaculis, diam erat fermentum justo, nec condimentum neque sapien placerat ante. Nulla justo."
Cold,98 Pearson Pass,Etiam vel augue.
Colony,82 Mandrake Road,"In tempor, turpis nec euismod scelerisque, quam turpis adipiscing lorem, vitae mattis nibh ligula nec sem. Duis aliquam convallis nunc."
Column,2940 3rd Pass,Aenean sit amet justo.
Combat,0 Thierer Point,"Fusce lacus purus, aliquet at, feugiat non, pretium quis, lectus. Suspendisse potenti."
Comet,2367 Spenser Lane,Proin eu mi. Nulla ac enim.
Common,56 Susan Court,"Vestibulum ac est lacinia nisi venenatis tristique. Fusce congue, diam id ornare imperdiet, sapien urna pretium nisl, ut volutpat sapien arcu sed augue."
Compass,380 Blackbird Hill,Nullam varius.
Concord,00 Ohio Circle,In hac habitasse platea dictumst. Etiam faucibus cursus urna.
Copper,9256 Starling Drive,Quisque id justo sit amet sapien dignissim vestibulum. Vestibulum ante ipsum primis in faucibus orci luctus et ultrices posuere cubilia Curae; Nulla dapibus dolor vel est.
Coral,08 Brown Center,"Maecenas leo odio, condimentum id, luctus nec, molestie sed, justo. Pellentesque viverra pede ac diam."
Core,109 Nevada Parkway,Phasellus sit amet erat.
Corner,0 Golf Trail,In blandit ultrices enim.
Cosmic,480 Spenser Way,Nulla ut erat id mauris vulputate elementum. Nullam varius.
Council,14106 Sommers Hill,Etiam justo.
County,14 Ridgeview Way,Proin eu mi. Nulla ac enim.
Course,9252 Hansons Hill,"Fusce lacus purus, aliquet at, feugiat non, pretium quis, lectus. Suspendisse potenti."
Court,769 Straubel Street,"Lorem ipsum dolor sit amet, consectetuer adipiscing elit. Proin interdum mauris non ligula pellentesque ultrices."
Cove,2 Waxwing Alley,"Nam congue, risus semper porta volutpat, quam pede lobortis ligula, sit amet eleifend pede libero quis orci. Nullam molestie nibh in lectus."
Craft,507 Algoma Circle,Vestibulum ac est lacinia nisi venenatis tristique.
Crane,7 Sunbrook Alley,Aenean fermentum. Donec ut mauris eget massa tempor convallis.
Crater,73 Ridgeway Center,"Fusce lacus purus, aliquet at, feugiat non, pretium quis, lectus. Suspendisse potenti."
Credit,572 Dovetail Trail,Duis bibendum.
Creed,3833 Anzinger Junction,In congue.
Creek,351 John Wall Avenue,Integer tincidunt ante vel ipsum. Praesent blandit lacinia erat.
Crest,56 Mockingbird Crossing,Curabitur at ipsum ac tellus semper interdum.
Cross,1160 Lotheville Court,Etiam justo.
Crown,949 Mcbride Crossing,Ut at dolor quis odio consequat varius. Integer ac leo.
Cruise,0310 Scoville Way,"In est risus, auctor sed, tristique in, tempus sit amet, sem."
Cruz,5390 Aberg Center,"Maecenas leo odio, condimentum id, luctus nec, molestie sed, justo. Pellentesque viverra pede ac diam."
Crystal,69001 Elgar Way,Vestibulum ante ipsum primis in faucibus orci luctus et ultrices posuere cubilia Curae; Mauris viverra diam vitae quam.
Cube,60 Commercial Street,Morbi porttitor lorem id ligula.
Cult,0159 Manley Hill,In hac habitasse platea dictumst.
Curve,0152 Fair Oaks Road,"Maecenas tristique, est et tempus semper, est quam pharetra magna, ac consequat metus sapien ut nunc. Vestibulum ante ipsum primis in faucibus orci luctus et ultrices posuere cubilia Curae; Mauris viverra diam vitae quam."
Cyber,7732 Summer Ridge Court,Donec semper sapien a libero. Nam dui.
Cycle,0 Butterfield Crossing,"Vestibulum ante ipsum primis in faucibus orci luctus et ultrices posuere cubilia Curae; Donec pharetra, magna vestibulum aliquet ultrices, erat tortor sollicitudin mi, sit amet lobortis sapien sapien non mi."
Daily,69769 Duke Crossing,"Vestibulum ac est lacinia nisi venenatis tristique. Fusce congue, diam id ornare imperdiet, sapien urna pretium nisl, ut volutpat sapien arcu sed augue."
Dale,1 Hansons Pass,Vivamus vel nulla eget eros elementum pellentesque.
Dalton,4621 Pepper Wood Trail,Mauris lacinia sapien quis libero.
Damp,60 Magdeline Street,Nulla tellus.
Dancer,0125 Pierstorff Hill,"Vestibulum ante ipsum primis in faucibus orci luctus et ultrices posuere cubilia Curae; Donec pharetra, magna vestibulum aliquet ultrices, erat tortor sollicitudin mi, sit amet lobortis sapien sapien non mi. Integer ac neque."
Daring,245 Caliangt Court,"In tempor, turpis nec euismod scelerisque, quam turpis adipiscing lorem, vitae mattis nibh ligula nec sem."
Dart,4 Stoughton Crossing,Donec ut dolor. Morbi vel lectus in quam fringilla rhoncus.
Dash,224 Macpherson Lane,Duis ac nibh.
Dawn,37855 Del Mar Center,Morbi vel lectus in quam fringilla rhoncus.
Day,416 Brown Way,"Fusce congue, diam id ornare imperdiet, sapien urna pretium nisl, ut volutpat sapien arcu sed augue."
Dean,2 Oakridge Junction,Pellentesque eget nunc.
Dear,7640 Hoard Plaza,Duis aliquam convallis nunc. Proin at turpis a pede posuere nonummy.
Debt,769 Monica Court,In quis justo.
Decal,82305 Scoville Parkway,Mauris sit amet eros.
Deck,80 Holmberg Way,"In blandit ultrices enim. Lorem ipsum dolor sit amet, consectetuer adipiscing elit."
Decree,15 Erie Road,"Donec odio justo, sollicitudin ut, suscipit a, feugiat et, eros. Vestibulum ac est lacinia nisi venenatis tristique."
Deep,14 Trailsway Park,Curabitur at ipsum ac tellus semper interdum.
Dekel,464 Michigan Point,"In tempor, turpis nec euismod scelerisque, quam turpis adipiscing lorem, vitae mattis nibh ligula nec sem. Duis aliquam convallis nunc."
Delhi,4236 Mesta Plaza,"Vivamus vestibulum sagittis sapien. Cum sociis natoque penatibus et magnis dis parturient montes, nascetur ridiculus mus."
Delta,6036 Eastwood Junction,Nullam sit amet turpis elementum ligula vehicula consequat.
Dense,29 Little Fleur Crossing,Fusce posuere felis sed lacus.
Depot,48683 Tomscot Hill,Morbi non quam nec dui luctus rutrum. Nulla tellus.
Depth,679 Anniversary Court,Suspendisse potenti.
Derby,51488 Arrowood Avenue,Phasellus in felis. Donec semper sapien a libero.
Desert,30 Washington Center,"Phasellus id sapien in sapien iaculis congue. Vivamus metus arcu, adipiscing molestie, hendrerit at, vulputate vitae, nisl."
Design,9 Oneill Place,Duis at velit eu est congue elementum. In hac habitasse platea dictumst.
Detail,926 North Avenue,Fusce consequat.
Device,4763 Arapahoe Parkway,Integer ac leo.
Dewberry,7417 Anthes Street,"Vivamus metus arcu, adipiscing molestie, hendrerit at, vulputate vitae, nisl. Aenean lectus."
Dial,142 Clarendon Plaza,"Vivamus metus arcu, adipiscing molestie, hendrerit at, vulputate vitae, nisl. Aenean lectus."
Diamond,66 Sycamore Center,Maecenas tincidunt lacus at velit. Vivamus vel nulla eget eros elementum pellentesque.
Diary,433 Dryden Trail,Aenean sit amet justo. Morbi ut odio.
Dice,1 Eliot Parkway,Donec quis orci eget orci vehicula condimentum. Curabitur in libero ut massa volutpat convallis.
Diesel,4 Rowland Park,Pellentesque ultrices mattis odio.
Digi,16799 Towne Drive,"Phasellus id sapien in sapien iaculis congue. Vivamus metus arcu, adipiscing molestie, hendrerit at, vulputate vitae, nisl."
Digit,5496 Anderson Plaza,Sed ante. Vivamus tortor.
Dion,944 Schlimgen Place,Nulla facilisi. Cras non velit nec nisi vulputate nonummy.
Direct,20987 Loeprich Crossing,Mauris lacinia sapien quis libero.
Disc,1943 American Ash Lane,Praesent lectus.
Distant,2613 Lyons Way,Morbi quis tortor id nulla ultrices aliquet.
Diver,70 Mccormick Alley,Integer a nibh. In quis justo.
Divide,234 Knutson Center,Nulla tellus.
Divine,050 Golden Leaf Pass,Aliquam sit amet diam in magna bibendum imperdiet.
Dock,0351 Michigan Plaza,"Donec odio justo, sollicitudin ut, suscipit a, feugiat et, eros."
Dome,1 Little Fleur Terrace,Donec quis orci eget orci vehicula condimentum.
Donor,0447 Marquette Street,Nulla suscipit ligula in lacus.
Doom,94 Dexter Plaza,Nullam varius. Nulla facilisi.
Door,49278 Sage Drive,Aenean fermentum.
Dose,10434 Armistice Park,Mauris sit amet eros. Suspendisse accumsan tortor quis turpis.
Double,87122 Dahle Lane,Fusce consequat.
Dover,26 Onsgard Trail,Nullam molestie nibh in lectus. Pellentesque at nulla.
Downriver,7 Sheridan Park,Proin eu mi. Nulla ac enim.
Downtown,91 Birchwood Avenue,Nullam varius.
Draft,515 Cottonwood Terrace,In sagittis dui vel nisl.
Dragon,8 Northview Alley,Morbi a ipsum. Integer a nibh.
Drain,233 Merrick Avenue,Ut tellus. Nulla ut erat id mauris vulputate elementum.
Dream,2097 Forest Run Street,Suspendisse potenti. Nullam porttitor lacus at turpis.
Drift,3657 Graedel Circle,Nunc rhoncus dui vel sem. Sed sagittis.
Driftwood,1 Milwaukee Court,Pellentesque at nulla. Suspendisse potenti.
Drill,31 Ridgeway Road,"Cum sociis natoque penatibus et magnis dis parturient montes, nascetur ridiculus mus. Vivamus vestibulum sagittis sapien."
Drink,42 Westend Circle,Vivamus vel nulla eget eros elementum pellentesque.
Drive,3 Mcbride Road,"Aliquam sit amet diam in magna bibendum imperdiet. Nullam orci pede, venenatis non, sodales sed, tincidunt eu, felis."
Drone,01 Continental Park,"Maecenas tristique, est et tempus semper, est quam pharetra magna, ac consequat metus sapien ut nunc."
Drop,00 Kings Street,"Nam congue, risus semper porta volutpat, quam pede lobortis ligula, sit amet eleifend pede libero quis orci."
Drum,5719 Talisman Junction,"Nam congue, risus semper porta volutpat, quam pede lobortis ligula, sit amet eleifend pede libero quis orci."
Dry,2 Schiller Circle,Quisque id justo sit amet sapien dignissim vestibulum.
Dual,934 Lighthouse Bay Crossing,Mauris lacinia sapien quis libero.
Duct,74734 Londonderry Crossing,Aliquam sit amet diam in magna bibendum imperdiet.
Duel,01705 Badeau Point,Suspendisse accumsan tortor quis turpis.
Duke,76 Ilene Plaza,Phasellus sit amet erat.
Dune,75 Forest Dale Avenue,Nunc rhoncus dui vel sem. Sed sagittis.
Dusk,5127 Schurz Way,Morbi non lectus.
Dust,08 Amoth Avenue,Praesent blandit lacinia erat. Vestibulum sed magna at nunc commodo placerat.
Duty,1 Esch Lane,"Fusce congue, diam id ornare imperdiet, sapien urna pretium nisl, ut volutpat sapien arcu sed augue. Aliquam erat volutpat."
Dwarf,242 Raven Plaza,"Morbi sem mauris, laoreet ut, rhoncus aliquet, pulvinar sed, nisl. Nunc rhoncus dui vel sem."
Dye,64 Buhler Plaza,Pellentesque viverra pede ac diam.
Dynamic,64634 Redwing Place,Quisque ut erat.
Eagle,47 Bay Circle,Proin interdum mauris non ligula pellentesque ultrices.
Early,89 Prairieview Lane,"Quisque arcu libero, rutrum ac, lobortis vel, dapibus at, diam."
Earth,91 Petterle Junction,Proin risus.
Ease,36 Memorial Plaza,"Donec odio justo, sollicitudin ut, suscipit a, feugiat et, eros."
East,79496 Sutteridge Crossing,Proin at turpis a pede posuere nonummy. Integer non velit.
Eastgate,7 Brown Circle,Donec ut dolor.
Easton,8858 Milwaukee Circle,Integer tincidunt ante vel ipsum. Praesent blandit lacinia erat.
Echo,98388 Riverside Pass,Proin eu mi.
Eco,2055 Dwight Way,"Morbi sem mauris, laoreet ut, rhoncus aliquet, pulvinar sed, nisl."
Edge,71 Vahlen Parkway,Nullam sit amet turpis elementum ligula vehicula consequat.
Edgecliff,2001 Forest Run Avenue,In eleifend quam a odio. In hac habitasse platea dictumst.
Edit,3 Mallory Pass,"Morbi sem mauris, laoreet ut, rhoncus aliquet, pulvinar sed, nisl."
Effect,06890 Crownhardt Parkway,Maecenas tincidunt lacus at velit. Vivamus vel nulla eget eros elementum pellentesque.
Eilat,133 Killdeer Center,Nulla facilisi.
Eight,7 Lyons Drive,"Cras mi pede, malesuada in, imperdiet et, commodo vulputate, justo."
Elden,6454 Ruskin Road,Phasellus in felis. Donec semper sapien a libero.
Elder,7 Mayfield Plaza,Fusce consequat.
Elect,6 Morningstar Alley,Duis at velit eu est congue elementum.
Elite,78244 Vermont Drive,Nullam molestie nibh in lectus.
Elmdale,528 Superior Plaza,"Vestibulum ac est lacinia nisi venenatis tristique. Fusce congue, diam id ornare imperdiet, sapien urna pretium nisl, ut volutpat sapien arcu sed augue."
Ember,797 Miller Place,"Nam dui. Proin leo odio, porttitor id, consequat in, consequat ut, nulla."
Emblem,024 1st Parkway,"Cras mi pede, malesuada in, imperdiet et, commodo vulputate, justo."
Emerald,7930 Bluestem Road,Praesent blandit.
Engine,668 Bluestem Alley,Etiam pretium iaculis justo.
Entry,1061 Golf Course Crossing,"Fusce congue, diam id ornare imperdiet, sapien urna pretium nisl, ut volutpat sapien arcu sed augue. Aliquam erat volutpat."
Envoy,9 Evergreen Street,Curabitur gravida nisi at nibh.
Enza,75162 Loomis Parkway,Duis ac nibh.
Epic,97 Buena Vista Terrace,Vestibulum rutrum rutrum neque.
Epoch,43716 7th Alley,Nullam varius.
Epsilon,9809 Pine View Trail,Morbi non lectus.
Equal,6 Stone Corner Lane,"In blandit ultrices enim. Lorem ipsum dolor sit amet, consectetuer adipiscing elit."
Era,432 Kings Lane,In hac habitasse platea dictumst.
Erez,9354 Bonner Terrace,"Cras in purus eu magna vulputate luctus. Cum sociis natoque penatibus et magnis dis parturient montes, nascetur ridiculus mus."
Error,4 Ramsey Alley,Nulla suscipit ligula in lacus.
Essay,3178 Shopko Park,Suspendisse potenti. In eleifend quam a odio.
Estate,3895 Loomis Lane,Sed accumsan felis. Ut at dolor quis odio consequat varius.
Eta,6562 Meadow Ridge Junction,Cras non velit nec nisi vulputate nonummy. Maecenas tincidunt lacus at velit.
Ether,72404 Hintze Place,Morbi non quam nec dui luctus rutrum. Nulla tellus.
Ethics,713 Grim Terrace,Aliquam erat volutpat. In congue.
Event,5663 Kim Lane,In congue.
Ever,1755 Stone Corner Plaza,Etiam pretium iaculis justo. In hac habitasse platea dictumst.
Evoke,8272 Hauk Road,"Integer aliquet, massa id lobortis convallis, tortor risus dapibus augue, vel accumsan tellus nisi eu orci. Mauris lacinia sapien quis libero."
Exact,19315 Vidon Parkway,Pellentesque viverra pede ac diam. Cras pellentesque volutpat dui.
Exalt,1983 Arapahoe Avenue,"Nam congue, risus semper porta volutpat, quam pede lobortis ligula, sit amet eleifend pede libero quis orci. Nullam molestie nibh in lectus."
Exam,52 Schlimgen Junction,"Vivamus metus arcu, adipiscing molestie, hendrerit at, vulputate vitae, nisl. Aenean lectus."
Excel,65095 Ridgeview Court,Sed vel enim sit amet nunc viverra dapibus.
Exit,9 Hoepker Point,"Quisque erat eros, viverra eget, congue eget, semper rutrum, nulla."
Expert,00 Bellgrove Trail,Nullam porttitor lacus at turpis. Donec posuere metus vitae ipsum.
Extra,92076 North Plaza,Mauris lacinia sapien quis libero. Nullam sit amet turpis elementum ligula vehicula consequat.
Eye,93814 Brown Circle,Etiam faucibus cursus urna. Ut tellus.
Fable,79 Nova Place,Etiam justo.
Facet,31 Vera Pass,Morbi a ipsum. Integer a nibh.
Fact,5 Carey Trail,"In tempor, turpis nec euismod scelerisque, quam turpis adipiscing lorem, vitae mattis nibh ligula nec sem."
Fade,132 Scofield Avenue,Quisque id justo sit amet sapien dignissim vestibulum. Vestibulum ante ipsum primis in faucibus orci luctus et ultrices posuere cubilia Curae; Nulla dapibus dolor vel est.
Fair,019 Northport Trail,Nunc rhoncus dui vel sem.
Fairmont,4898 Crownhardt Trail,"Cum sociis natoque penatibus et magnis dis parturient montes, nascetur ridiculus mus. Etiam vel augue."
Falcon,751 Helena Point,"Suspendisse ornare consequat lectus. In est risus, auctor sed, tristique in, tempus sit amet, sem."
Fall,471 Muir Terrace,"Morbi vestibulum, velit id pretium iaculis, diam erat fermentum justo, nec condimentum neque sapien placerat ante. Nulla justo."
False,089 Coleman Way,Nulla tempus. Vivamus in felis eu sapien cursus vestibulum.
Fame,0846 David Trail,Duis mattis egestas metus.
Fancy,820 Oneill Parkway,"Vestibulum ante ipsum primis in faucibus orci luctus et ultrices posuere cubilia Curae; Donec pharetra, magna vestibulum aliquet ultrices, erat tortor sollicitudin mi, sit amet lobortis sapien sapien non mi. Integer ac neque."
Fang,35174 Macpherson Center,Aenean auctor gravida sem. Praesent id massa id nisl venenatis lacinia.
Fargo,7556 Lunder Place,"Mauris enim leo, rhoncus sed, vestibulum sit amet, cursus id, turpis."
Farm,96 Laurel Avenue,"Donec diam neque, vestibulum eget, vulputate ut, ultrices vel, augue. Vestibulum ante ipsum primis in faucibus orci luctus et ultrices posuere cubilia Curae; Donec pharetra, magna vestibulum aliquet ultrices, erat tortor sollicitudin mi, sit amet lobortis sapien sapien non mi."
Fast,07 Sunnyside Avenue,Proin at turpis a pede posuere nonummy.
Fate,78012 Forster Terrace,Nulla nisl. Nunc nisl.
Fault,07 Northwestern Circle,Sed accumsan felis.
Favor,3055 Ludington Place,In eleifend quam a odio. In hac habitasse platea dictumst.
Feast,444 Northport Terrace,Fusce posuere felis sed lacus.
Feature,920 Burning Wood Avenue,Vivamus vel nulla eget eros elementum pellentesque. Quisque porta volutpat erat.
Federal,0837 Morning Court,"Proin leo odio, porttitor id, consequat in, consequat ut, nulla. Sed accumsan felis."
Fellow,03670 8th Way,"Fusce lacus purus, aliquet at, feugiat non, pretium quis, lectus."
Felt,4962 Mockingbird Street,Morbi ut odio.
Fence,4843 Old Shore Crossing,"Quisque erat eros, viverra eget, congue eget, semper rutrum, nulla."
Fern,565 Redwing Center,"Cras pellentesque volutpat dui. Maecenas tristique, est et tempus semper, est quam pharetra magna, ac consequat metus sapien ut nunc."
Ferry,3 Larry Court,"Vestibulum quam sapien, varius ut, blandit non, interdum in, ante."
Fetch,73 Longview Avenue,"Donec odio justo, sollicitudin ut, suscipit a, feugiat et, eros. Vestibulum ac est lacinia nisi venenatis tristique."
Fever,04 Vera Pass,Pellentesque eget nunc.
Fiber,18 Prairie Rose Terrace,"Quisque arcu libero, rutrum ac, lobortis vel, dapibus at, diam."
Field,3 Hauk Trail,"Nulla neque libero, convallis eget, eleifend luctus, ultricies eu, nibh. Quisque id justo sit amet sapien dignissim vestibulum."
Fifth,1 Eagan Trail,Etiam justo.
Fifty,69010 Elmside Circle,"Integer aliquet, massa id lobortis convallis, tortor risus dapibus augue, vel accumsan tellus nisi eu orci. Mauris lacinia sapien quis libero."
Fight,12222 Florence Road,Nunc nisl.
Figure,504 Kings Place,Etiam pretium iaculis justo. In hac habitasse platea dictumst.
File,13 Nobel Place,In quis justo. Maecenas rhoncus aliquam lacus.
Fill,5027 Ilene Alley,Nunc rhoncus dui vel sem.
Film,5683 South Trail,"Lorem ipsum dolor sit amet, consectetuer adipiscing elit."
Filter,281 Ridgeview Park,Pellentesque eget nunc. Donec quis orci eget orci vehicula condimentum.
Final,289 Lotheville Plaza,Nam dui.
Finch,143 Valley Edge Avenue,Nulla mollis molestie lorem. Quisque ut erat.
Find,681 Dahle Crossing,"Donec odio justo, sollicitudin ut, suscipit a, feugiat et, eros."
Fine,2809 Onsgard Drive,Phasellus in felis.
Finish,36469 Bayside Pass,"Donec odio justo, sollicitudin ut, suscipit a, feugiat et, eros."
Finite,967 Heath Parkway,Pellentesque at nulla. Suspendisse potenti.
Fino,2 Lyons Court,Cras in purus eu magna vulputate luctus.
Fire,7843 Comanche Pass,Mauris sit amet eros. Suspendisse accumsan tortor quis turpis.
Firm,2 Graceland Lane,Donec vitae nisi.
First,87 Dryden Alley,"Maecenas tristique, est et tempus semper, est quam pharetra magna, ac consequat metus sapien ut nunc. Vestibulum ante ipsum primis in faucibus orci luctus et ultrices posuere cubilia Curae; Mauris viverra diam vitae quam."
Fish,77203 Delaware Place,"Nulla ac enim. In tempor, turpis nec euismod scelerisque, quam turpis adipiscing lorem, vitae mattis nibh ligula nec sem."
Five,1 Russell Road,Praesent id massa id nisl venenatis lacinia.
Fixed,898 Gulseth Avenue,Etiam pretium iaculis justo.
Flag,9127 Marquette Plaza,Mauris sit amet eros. Suspendisse accumsan tortor quis turpis.
Flame,11 Carey Lane,"Nullam orci pede, venenatis non, sodales sed, tincidunt eu, felis."
Flare,331 Express Terrace,Proin interdum mauris non ligula pellentesque ultrices. Phasellus id sapien in sapien iaculis congue.
Flash,09 Mcbride Plaza,Vestibulum ante ipsum primis in faucibus orci luctus et ultrices posuere cubilia Curae; Mauris viverra diam vitae quam. Suspendisse potenti.
Flat,46294 Independence Pass,Praesent lectus.
Fleet,19225 Golf Avenue,Morbi non quam nec dui luctus rutrum. Nulla tellus.
Flesh,567 Norway Maple Avenue,"Mauris enim leo, rhoncus sed, vestibulum sit amet, cursus id, turpis."
Flex,472 Sommers Avenue,Morbi non quam nec dui luctus rutrum. Nulla tellus.
Flick,272 Hoard Plaza,Ut at dolor quis odio consequat varius.
Flight,08963 Heffernan Point,"Vestibulum ante ipsum primis in faucibus orci luctus et ultrices posuere cubilia Curae; Donec pharetra, magna vestibulum aliquet ultrices, erat tortor sollicitudin mi, sit amet lobortis sapien sapien non mi. Integer ac neque."
Flint,6451 Steensland Street,Curabitur gravida nisi at nibh.
Float,5 Brentwood Point,Curabitur gravida nisi at nibh. In hac habitasse platea dictumst.
Flock,5045 Katie Court,Morbi porttitor lorem id ligula. Suspendisse ornare consequat lectus.
Flood,97858 Surrey Drive,"Maecenas tristique, est et tempus semper, est quam pharetra magna, ac consequat metus sapien ut nunc. Vestibulum ante ipsum primis in faucibus orci luctus et ultrices posuere cubilia Curae; Mauris viverra diam vitae quam."
Floor,3259 Ronald Regan Terrace,Morbi porttitor lorem id ligula.
Flora,04728 Scoville Avenue,"Sed sagittis. Nam congue, risus semper porta volutpat, quam pede lobortis ligula, sit amet eleifend pede libero quis orci."
Flour,054 3rd Park,Maecenas tincidunt lacus at velit. Vivamus vel nulla eget eros elementum pellentesque.
Flow,97 Merchant Park,Nam tristique tortor eu pede.
Fluid,3 Harper Road,Nulla justo.
Flush,775 Clove Junction,Etiam vel augue. Vestibulum rutrum rutrum neque.
Flux,5336 Buena Vista Center,Nullam molestie nibh in lectus.
Fly,3098 Northfield Alley,"In est risus, auctor sed, tristique in, tempus sit amet, sem. Fusce consequat."
Focus,7 Pond Court,Donec dapibus.
Fog,7 Glacier Hill Trail,Vestibulum ante ipsum primis in faucibus orci luctus et ultrices posuere cubilia Curae; Duis faucibus accumsan odio.
Foil,9 Bashford Road,"In hac habitasse platea dictumst. Morbi vestibulum, velit id pretium iaculis, diam erat fermentum justo, nec condimentum neque sapien placerat ante."
Fold,2182 Veith Way,"Cum sociis natoque penatibus et magnis dis parturient montes, nascetur ridiculus mus. Etiam vel augue."
Folk,065 Armistice Crossing,Nunc purus.
Font,8587 Glendale Street,"Nunc nisl. Duis bibendum, felis sed interdum venenatis, turpis enim blandit mi, in porttitor pede justo eu massa."
Food,957 Harper Hill,Nullam sit amet turpis elementum ligula vehicula consequat.
Foot,723 Northwestern Terrace,Maecenas ut massa quis augue luctus tincidunt.
Foothill,08 Schiller Circle,Aliquam non mauris.
Force,64 Holy Cross Park,Morbi non quam nec dui luctus rutrum. Nulla tellus.
Forest,3 Bunting Circle,Mauris ullamcorper purus sit amet nulla.
Forge,849 Stone Corner Way,Fusce consequat. Nulla nisl.
Fork,56052 Pawling Parkway,Donec ut dolor.
Form,756 Maple Way,Maecenas ut massa quis augue luctus tincidunt.
Fort,0075 Blackbird Lane,Morbi vel lectus in quam fringilla rhoncus.
Forth,23 Kensington Parkway,Etiam pretium iaculis justo. In hac habitasse platea dictumst.
Fossil,21 Elka Junction,"Cum sociis natoque penatibus et magnis dis parturient montes, nascetur ridiculus mus. Vivamus vestibulum sagittis sapien."
Found,75 Manley Way,"Morbi sem mauris, laoreet ut, rhoncus aliquet, pulvinar sed, nisl. Nunc rhoncus dui vel sem."
Four,57 Village Plaza,In hac habitasse platea dictumst.
Fourth,382 Everett Circle,Donec quis orci eget orci vehicula condimentum.
Fox,73 American Ash Avenue,Nullam porttitor lacus at turpis.
Foxrun,4 Vera Junction,Morbi non quam nec dui luctus rutrum.
Fraction,31 Maryland Drive,"Fusce posuere felis sed lacus. Morbi sem mauris, laoreet ut, rhoncus aliquet, pulvinar sed, nisl."
Frame,0 Gulseth Circle,Vestibulum ante ipsum primis in faucibus orci luctus et ultrices posuere cubilia Curae; Mauris viverra diam vitae quam.
Frank,7 David Plaza,Aenean lectus. Pellentesque eget nunc.
Free,72971 Holy Cross Avenue,Pellentesque at nulla. Suspendisse potenti.
Freeze,27 Stone Corner Terrace,Nulla suscipit ligula in lacus. Curabitur at ipsum ac tellus semper interdum.
Freight,16063 Northwestern Alley,Nulla nisl. Nunc nisl.
Fresh,457 Quincy Way,Aenean lectus.
Friar,0545 Novick Hill,"Nam congue, risus semper porta volutpat, quam pede lobortis ligula, sit amet eleifend pede libero quis orci. Nullam molestie nibh in lectus."
Friend,1 Miller Place,Duis ac nibh.
Front,66520 Drewry Place,Nunc rhoncus dui vel sem. Sed sagittis.
Frost,2241 Helena Point,Suspendisse accumsan tortor quis turpis. Sed ante.
Frown,0326 Nobel Way,Sed vel enim sit amet nunc viverra dapibus.
Fruit,199 Sutherland Plaza,In hac habitasse platea dictumst.
Fuel,2 Hoffman Point,In hac habitasse platea dictumst. Etiam faucibus cursus urna.
Full,5 Arapahoe Point,"Mauris ullamcorper purus sit amet nulla. Quisque arcu libero, rutrum ac, lobortis vel, dapibus at, diam."
Fund,20374 Oneill Way,Proin eu mi.
Funny,38 Beilfuss Way,Curabitur convallis. Duis consequat dui nec nisi volutpat eleifend.
Fuse,812 Marquette Plaza,"Vestibulum ante ipsum primis in faucibus orci luctus et ultrices posuere cubilia Curae; Donec pharetra, magna vestibulum aliquet ultrices, erat tortor sollicitudin mi, sit amet lobortis sapien sapien non mi."
Future,1 Melrose Place,Integer a nibh.
Gable,6903 Mccormick Hill,"Integer pede justo, lacinia eget, tincidunt eget, tempus vel, pede. Morbi porttitor lorem id ligula."
Gain,48 Browning Point,Donec quis orci eget orci vehicula condimentum. Curabitur in libero ut massa volutpat convallis.
Galaxy,95 Melby Avenue,Curabitur at ipsum ac tellus semper interdum.
Gale,25530 Dakota Way,Curabitur in libero ut massa volutpat convallis.
Gallery,2244 Eagle Crest Place,In sagittis dui vel nisl.
Game,49370 Judy Center,Curabitur convallis. Duis consequat dui nec nisi volutpat eleifend.
Gamma,2 Hoepker Hill,Aenean fermentum.
Gap,09 Prairieview Center,"Morbi vel lectus in quam fringilla rhoncus. Mauris enim leo, rhoncus sed, vestibulum sit amet, cursus id, turpis."
Garage,659 Rieder Avenue,Phasellus sit amet erat. Nulla tempus.
Garden,4173 Tennyson Pass,Maecenas rhoncus aliquam lacus. Morbi quis tortor id nulla ultrices aliquet.
Garlic,32 Mariners Cove Street,Vivamus vestibulum sagittis sapien.
Gas,202 Dahle Road,Vivamus vel nulla eget eros elementum pellentesque.
Gate,1034 Utah Way,Aliquam erat volutpat.
Gato,429 Hollow Ridge Street,Nunc nisl.
Gauge,45936 Esker Crossing,"Lorem ipsum dolor sit amet, consectetuer adipiscing elit. Proin interdum mauris non ligula pellentesque ultrices."
Gaze,4682 Porter Hill,Proin interdum mauris non ligula pellentesque ultrices.
Gear,29397 Crownhardt Lane,Praesent id massa id nisl venenatis lacinia.
Gem,8564 Miller Circle,Quisque porta volutpat erat.
General,4987 Ryan Park,"In tempor, turpis nec euismod scelerisque, quam turpis adipiscing lorem, vitae mattis nibh ligula nec sem. Duis aliquam convallis nunc."
Genius,11868 Rigney Court,Cras non velit nec nisi vulputate nonummy. Maecenas tincidunt lacus at velit.
Genre,16083 Lunder Alley,Nulla tellus. In sagittis dui vel nisl.
Gentle,25 Forest Dale Place,Vestibulum sed magna at nunc commodo placerat.
Genu,0944 Delladonna Road,Sed vel enim sit amet nunc viverra dapibus. Nulla suscipit ligula in lacus.
Geo,1349 Packers Hill,Vestibulum rutrum rutrum neque. Aenean auctor gravida sem.
Geva,461 Rockefeller Drive,Sed accumsan felis.
Ghost,485 Sachtjen Lane,Donec ut dolor.
Giant,98 Mayer Trail,"Quisque arcu libero, rutrum ac, lobortis vel, dapibus at, diam."
Gift,788 International Way,Proin risus.
Gilded,840 Dennis Circle,"Vivamus vestibulum sagittis sapien. Cum sociis natoque penatibus et magnis dis parturient montes, nascetur ridiculus mus."
Gill,685 Calypso Plaza,Nulla ac enim.
Ginger,3 Elgar Park,Mauris ullamcorper purus sit amet nulla.
Gird,5 Tennessee Place,"Donec odio justo, sollicitudin ut, suscipit a, feugiat et, eros. Vestibulum ac est lacinia nisi venenatis tristique."
Girth,41 Rockefeller Center,Etiam pretium iaculis justo. In hac habitasse platea dictumst.
Given,7376 Ronald Regan Lane,"In tempor, turpis nec euismod scelerisque, quam turpis adipiscing lorem, vitae mattis nibh ligula nec sem."
Glad,86 Shopko Plaza,Sed ante.
Glance,08 Lake View Road,Phasellus id sapien in sapien iaculis congue.
Glass,4 Clove Plaza,Nullam molestie nibh in lectus. Pellentesque at nulla.
Glencoe,029 Holy Cross Lane,Sed sagittis.
Glenview,7 High Crossing Avenue,Etiam pretium iaculis justo. In hac habitasse platea dictumst.
Glide,13414 Green Crossing,Pellentesque viverra pede ac diam.
Glimp,18511 Rusk Avenue,Praesent id massa id nisl venenatis lacinia. Aenean sit amet justo.
Globe,64806 Holmberg Junction,Donec dapibus. Duis at velit eu est congue elementum.
Gloom,19 Artisan Court,Donec vitae nisi.
Glory,9786 Valley Edge Pass,Aliquam quis turpis eget elit sodales scelerisque. Mauris sit amet eros.
Gloss,922 Hovde Crossing,Vestibulum ante ipsum primis in faucibus orci luctus et ultrices posuere cubilia Curae; Mauris viverra diam vitae quam. Suspendisse potenti.
Glove,47 Reinke Road,Nullam porttitor lacus at turpis.
Glow,0 Melvin Junction,In hac habitasse platea dictumst.
Glue,6 Leroy Park,Sed sagittis.
Goal,06 Pawling Center,Nulla facilisi.
Goat,74 Sunfield Hill,Phasellus in felis.
Gold,90047 Alpine Terrace,Pellentesque eget nunc.
Golf,222 Vidon Junction,In hac habitasse platea dictumst. Etiam faucibus cursus urna.
Good,266 Arizona Parkway,Quisque porta volutpat erat.
